Match_id,Wins,Loses,WL_Ratio,Avg_Kills,Avg_Deaths,Avg_Assists,Avg_KDR,Device_Played,Score
2358,4.0,6,0.6666666666666666,245.0,440.0,298.0,0.5555555555555556,Mobile,510.0
71345,,7,0.42857142857142855,877.0,606.0,172.0,1.444810543657331,Console,
3763,9.0,1,9.0,368.0,382.0,21.0,0.9608355091383812,Console,781.0
3173,1.0,9,0.1111111111111111,989.0,994.0,490.0,0.9939698492462311,Console,1983.0
084,8.0,2,4.0,753.0,792.0,83.0,0.9495586380832283,PC,1546.0
1073,9.0,1,9.0,819.0,488.0,204.0,1.6748466257668713,PC,1683.0
17571,6.0,4,1.5,97.0,531.0,119.0,0.18233082706766918,Console,224.0
4895,8.0,2,4.0,,178.0,14.0,2.430167597765363,Console,
0812,2.0,8,0.25,326.0,,,0.7743467933491687,PC,662.0
8763,7.0,3,2.3333333333333335,914.0,657.0,53.0,1.3890577507598785,Mobile,1863.0
39022,5.0,5,1.0,838.0,816.0,101.0,1.025703794369645,Mobile,1701.0
711,3.0,7,0.42857142857142855,886.0,947.0,489.0,0.9345991561181435,Console,1787.0
6964,9.0,1,9.0,86.0,391.0,375.0,0.2193877551020408,PC,217.0
97624,7.0,3,2.3333333333333335,487.0,865.0,306.0,0.5623556581986143,Console,1009.0
590,1.0,9,0.1111111111111111,611.0,392.0,449.0,1.55470737913486,Console,1227.0
2333,,2,4.0,825.0,767.0,419.0,1.07421875,PC,
270,7.0,3,2.3333333333333335,211.0,996.0,104.0,0.21163490471414242,Mobile,457.0
1381,7.0,3,2.3333333333333335,847.0,590.0,272.0,1.4331641285956007,Mobile,1729.0
582,6.0,4,1.5,201.0,390.0,203.0,0.5140664961636828,Console,432.0
09938,,2,4.0,216.0,486.0,120.0,0.44353182751540043,PC,
87933,2.0,8,0.25,615.0,526.0,58.0,1.1669829222011385,Console,1240.0
6441,4.0,6,0.6666666666666666,136.0,448.0,307.0,0.3028953229398664,Console,292.0
00510,2.0,8,0.25,550.0,,,0.7323568575233023,Console,1110.0
488,9.0,1,9.0,278.0,411.0,225.0,0.6747572815533981,Mobile,601.0
2158,6.0,4,1.5,920.0,723.0,386.0,1.270718232044199,PC,1870.0
1040,5.0,5,1.0,360.0,414.0,154.0,0.8674698795180723,Console,745.0
18901,3.0,7,0.42857142857142855,679.0,354.0,527.0,1.912676056338028,PC,1373.0
386,7.0,3,2.3333333333333335,,319.0,351.0,2.16875,Console,
512,4.0,6,0.6666666666666666,798.0,235.0,358.0,3.3813559322033897,Mobile,1616.0
5132,1.0,9,0.1111111111111111,,690.0,521.0,1.1273516642547032,PC,
69547,7.0,3,2.3333333333333335,,855.0,189.0,0.8796728971962616,Console,
0898,9.0,1,9.0,39.0,884.0,549.0,0.04406779661016949,PC,123.0
494,1.0,9,0.1111111111111111,33.0,469.0,498.0,0.07021276595744681,Console,71.0
56074,9.0,1,9.0,171.0,57.0,223.0,2.9482758620689653,Console,387.0
9715,6.0,4,1.5,841.0,983.0,393.0,0.8546747967479674,Mobile,1712.0
565,3.0,7,0.42857142857142855,861.0,452.0,82.0,1.900662251655629,PC,1737.0
350,3.0,7,0.42857142857142855,562.0,390.0,307.0,1.4373401534526855,PC,1139.0
99102,7.0,3,2.3333333333333335,566.0,539.0,305.0,1.048148148148148,Console,1167.0
96267,5.0,5,1.0,367.0,402.0,231.0,0.9106699751861043,Mobile,759.0
811,1.0,9,0.1111111111111111,912.0,156.0,394.0,5.808917197452229,Mobile,1829.0
43666,3.0,7,0.42857142857142855,778.0,150.0,285.0,5.152317880794702,Console,1571.0
46429,2.0,8,0.25,554.0,985.0,150.0,0.5618661257606491,PC,1118.0
1167,3.0,7,0.42857142857142855,,450.0,177.0,1.3215077605321508,PC,
094,4.0,6,0.6666666666666666,880.0,406.0,204.0,2.1621621621621623,Console,1780.0
09255,7.0,3,2.3333333333333335,560.0,224.0,163.0,2.488888888888889,Mobile,1155.0
7246,7.0,3,2.3333333333333335,873.0,288.0,501.0,3.0207612456747404,PC,1781.0
09387,9.0,1,9.0,989.0,537.0,399.0,1.838289962825279,PC,2023.0
908,9.0,1,9.0,913.0,861.0,94.0,1.0591647331786542,PC,1871.0
9977,9.0,1,9.0,875.0,905.0,478.0,0.9657836644591612,Mobile,1795.0
307,2.0,8,0.25,386.0,525.0,145.0,0.7338403041825095,PC,782.0
922,9.0,1,9.0,822.0,43.0,252.0,18.681818181818183,PC,1689.0
71973,,2,4.0,937.0,324.0,551.0,2.883076923076923,Console,
3847,8.0,2,4.0,,706.0,89.0,1.4087694483734088,PC,
9139,2.0,8,0.25,783.0,549.0,182.0,1.4236363636363636,Console,1576.0
15409,,7,0.42857142857142855,111.0,116.0,31.0,0.9487179487179487,PC,
27637,3.0,7,0.42857142857142855,701.0,,,3.306603773584906,PC,1417.0
883,5.0,5,1.0,323.0,280.0,483.0,1.1494661921708185,Console,671.0
89545,1.0,9,0.1111111111111111,197.0,804.0,357.0,0.24472049689440994,Mobile,399.0
8445,,4,1.5,370.0,906.0,63.0,0.4079382579933848,Console,
63714,4.0,6,0.6666666666666666,3.0,13.0,19.0,0.21428571428571427,Console,26.0
431,4.0,6,0.6666666666666666,557.0,323.0,307.0,1.7191358024691359,PC,1134.0
327,8.0,2,4.0,,889.0,40.0,0.46292134831460674,Mobile,
51832,4.0,6,0.6666666666666666,824.0,,,1.4873646209386282,Console,1668.0
11313,6.0,4,1.5,153.0,414.0,482.0,0.3686746987951807,Mobile,336.0
513,,1,9.0,328.0,164.0,360.0,1.9878787878787878,Console,
735,2.0,8,0.25,720.0,941.0,362.0,0.7643312101910829,Console,1450.0
28571,7.0,3,2.3333333333333335,454.0,871.0,531.0,0.5206422018348624,Console,943.0
2534,,1,9.0,856.0,835.0,382.0,1.0239234449760766,Mobile,
3800,8.0,2,4.0,866.0,423.0,181.0,2.042452830188679,Console,1772.0
442,4.0,6,0.6666666666666666,889.0,572.0,400.0,1.5514834205933683,Mobile,1798.0
6179,5.0,5,1.0,960.0,240.0,250.0,3.983402489626556,Mobile,1945.0
88910,,1,9.0,465.0,86.0,240.0,5.344827586206897,Mobile,
784,1.0,9,0.1111111111111111,481.0,805.0,212.0,0.5967741935483871,Mobile,967.0
11198,,9,0.1111111111111111,388.0,612.0,111.0,0.632952691680261,Mobile,
08347,5.0,5,1.0,586.0,204.0,388.0,2.8585365853658535,Mobile,1197.0
239,7.0,3,2.3333333333333335,337.0,478.0,232.0,0.7035490605427975,Console,709.0
086,1.0,9,0.1111111111111111,203.0,276.0,83.0,0.7328519855595668,PC,411.0
2170,5.0,5,1.0,901.0,512.0,180.0,1.756335282651072,PC,1827.0
28049,1.0,9,0.1111111111111111,107.0,756.0,305.0,0.14134742404227213,Mobile,219.0
55294,3.0,7,0.42857142857142855,693.0,344.0,354.0,2.008695652173913,Mobile,1401.0
981,8.0,2,4.0,842.0,286.0,539.0,2.9337979094076654,Mobile,1724.0
755,3.0,7,0.42857142857142855,,363.0,296.0,2.4505494505494507,PC,
7638,2.0,8,0.25,530.0,937.0,139.0,0.5650319829424307,Console,1070.0
188,6.0,4,1.5,609.0,368.0,500.0,1.6504065040650406,Mobile,1248.0
51083,7.0,3,2.3333333333333335,539.0,236.0,143.0,2.2742616033755274,Mobile,1113.0
330,8.0,2,4.0,256.0,865.0,300.0,0.2956120092378753,Mobile,552.0
8188,8.0,2,4.0,774.0,862.0,343.0,0.8968713789107764,Console,1588.0
648,9.0,1,9.0,522.0,872.0,114.0,0.5979381443298969,PC,1089.0
56536,4.0,6,0.6666666666666666,959.0,211.0,508.0,4.523584905660377,PC,1938.0
891,3.0,7,0.42857142857142855,795.0,,,1.0460526315789473,Mobile,1605.0
311,6.0,4,1.5,634.0,971.0,381.0,0.6522633744855967,Console,1298.0
32449,1.0,9,0.1111111111111111,818.0,286.0,283.0,2.8501742160278747,Mobile,1641.0
5380,8.0,2,4.0,897.0,730.0,272.0,1.2270861833105335,PC,1834.0
892,4.0,6,0.6666666666666666,368.0,844.0,322.0,0.43550295857988164,Mobile,756.0
1188,1.0,9,0.1111111111111111,545.0,192.0,209.0,2.8238341968911915,PC,1095.0
00022,5.0,5,1.0,232.0,896.0,60.0,0.25863991081382387,Console,489.0
390,4.0,6,0.6666666666666666,27.0,965.0,26.0,0.027950310559006212,Mobile,74.0
0102,5.0,5,1.0,490.0,891.0,220.0,0.5493273542600897,Console,1005.0
3087,4.0,6,0.6666666666666666,562.0,691.0,515.0,0.8121387283236994,Mobile,1144.0
965,9.0,1,9.0,25.0,498.0,36.0,0.050100200400801605,Mobile,95.0
464,,2,4.0,437.0,131.0,434.0,3.3106060606060606,Console,
684,3.0,7,0.42857142857142855,826.0,244.0,381.0,3.3714285714285714,Console,1667.0
292,5.0,5,1.0,533.0,453.0,420.0,1.1740088105726871,Mobile,1091.0
66711,9.0,1,9.0,608.0,287.0,474.0,2.111111111111111,Mobile,1261.0
5787,6.0,4,1.5,848.0,632.0,264.0,1.339652448657188,Mobile,1726.0
75918,7.0,3,2.3333333333333335,390.0,760.0,549.0,0.5124835742444153,Mobile,815.0
285,6.0,4,1.5,448.0,973.0,137.0,0.459958932238193,PC,926.0
77651,1.0,9,0.1111111111111111,633.0,303.0,164.0,2.0822368421052633,Console,1271.0
5528,9.0,1,9.0,854.0,527.0,120.0,1.6174242424242424,Mobile,1753.0
518,9.0,1,9.0,411.0,132.0,61.0,3.0902255639097747,Console,867.0
466,5.0,5,1.0,13.0,408.0,115.0,0.03178484107579462,Console,51.0
07909,9.0,1,9.0,80.0,977.0,510.0,0.081799591002045,PC,205.0
99313,8.0,2,4.0,992.0,838.0,530.0,1.1823599523241954,Mobile,2024.0
394,5.0,5,1.0,354.0,567.0,519.0,0.6232394366197183,Console,733.0
93376,7.0,3,2.3333333333333335,730.0,,,0.8276643990929705,Console,1495.0
704,8.0,2,4.0,182.0,494.0,451.0,0.36767676767676766,Console,404.0
8636,6.0,4,1.5,531.0,783.0,361.0,0.6772959183673469,PC,1092.0
6925,9.0,1,9.0,221.0,982.0,317.0,0.22482197355035605,PC,487.0
61986,,6,0.6666666666666666,980.0,412.0,514.0,2.3728813559322033,Mobile,
23130,7.0,3,2.3333333333333335,401.0,48.0,350.0,8.183673469387756,Console,837.0
12526,6.0,4,1.5,,215.0,355.0,2.8703703703703702,Console,
01301,2.0,8,0.25,388.0,755.0,192.0,0.5132275132275133,PC,786.0
028,1.0,9,0.1111111111111111,102.0,714.0,51.0,0.14265734265734265,PC,209.0
19346,1.0,9,0.1111111111111111,806.0,922.0,88.0,0.8732394366197183,Console,1617.0
1925,,5,1.0,93.0,724.0,91.0,0.12827586206896552,Mobile,
647,8.0,2,4.0,94.0,860.0,548.0,0.1091753774680604,Mobile,228.0
727,3.0,7,0.42857142857142855,343.0,100.0,366.0,3.396039603960396,PC,701.0
531,3.0,7,0.42857142857142855,184.0,967.0,97.0,0.19008264462809918,PC,383.0
45879,4.0,6,0.6666666666666666,438.0,339.0,125.0,1.2882352941176471,PC,896.0
5651,3.0,7,0.42857142857142855,,390.0,11.0,2.50383631713555,Console,
997,1.0,9,0.1111111111111111,706.0,204.0,307.0,3.44390243902439,Console,1417.0
13012,4.0,6,0.6666666666666666,654.0,956.0,346.0,0.6833855799373041,PC,1328.0
290,3.0,7,0.42857142857142855,756.0,935.0,39.0,0.8076923076923077,Console,1527.0
2378,3.0,7,0.42857142857142855,38.0,21.0,121.0,1.7272727272727273,PC,91.0
1193,6.0,4,1.5,346.0,753.0,20.0,0.4588859416445623,Mobile,722.0
7164,8.0,2,4.0,420.0,494.0,3.0,0.8484848484848485,PC,880.0
348,1.0,9,0.1111111111111111,408.0,753.0,154.0,0.5411140583554377,Console,821.0
08308,4.0,6,0.6666666666666666,431.0,327.0,6.0,1.3140243902439024,Mobile,882.0
14020,4.0,6,0.6666666666666666,271.0,964.0,184.0,0.28082901554404144,PC,562.0
0371,5.0,5,1.0,947.0,974.0,270.0,0.9712820512820513,Console,1919.0
082,3.0,7,0.42857142857142855,397.0,948.0,69.0,0.4183350895679663,PC,809.0
020,9.0,1,9.0,648.0,204.0,19.0,3.1609756097560977,Mobile,1341.0
35068,1.0,9,0.1111111111111111,,151.0,456.0,2.7302631578947367,PC,
22970,2.0,8,0.25,253.0,696.0,552.0,0.3629842180774749,Mobile,516.0
20745,4.0,6,0.6666666666666666,902.0,987.0,546.0,0.9129554655870445,Console,1824.0
1899,2.0,8,0.25,160.0,800.0,252.0,0.19975031210986266,Console,330.0
03004,8.0,2,4.0,224.0,175.0,354.0,1.2727272727272727,Console,488.0
44058,,4,1.5,565.0,58.0,464.0,9.576271186440678,Mobile,
098,9.0,1,9.0,641.0,447.0,0.0,1.4308035714285714,Console,1327.0
70739,9.0,1,9.0,313.0,0.0,45.0,313.0,Console,671.0
468,5.0,5,1.0,564.0,600.0,546.0,0.9384359400998337,Mobile,1153.0
6539,4.0,6,0.6666666666666666,840.0,640.0,450.0,1.3104524180967239,Mobile,1700.0
583,5.0,5,1.0,,792.0,347.0,0.21311475409836064,Mobile,
0773,5.0,5,1.0,612.0,268.0,26.0,2.275092936802974,Mobile,1249.0
5260,6.0,4,1.5,31.0,234.0,239.0,0.13191489361702127,Console,92.0
29785,1.0,9,0.1111111111111111,,642.0,1.0,0.8460342146189735,PC,
17564,1.0,9,0.1111111111111111,62.0,76.0,302.0,0.8051948051948052,Mobile,129.0
64280,3.0,7,0.42857142857142855,22.0,45.0,95.0,0.4782608695652174,Mobile,59.0
9987,8.0,2,4.0,163.0,719.0,334.0,0.2263888888888889,Mobile,366.0
312,5.0,5,1.0,487.0,154.0,116.0,3.141935483870968,Mobile,999.0
37319,7.0,3,2.3333333333333335,429.0,457.0,136.0,0.9366812227074236,Mobile,893.0
106,2.0,8,0.25,,87.0,282.0,1.625,Console,
72554,2.0,8,0.25,,416.0,453.0,1.9712230215827338,Mobile,
0308,6.0,4,1.5,5.0,974.0,295.0,0.005128205128205128,Mobile,40.0
02566,9.0,1,9.0,475.0,368.0,57.0,1.2872628726287263,Mobile,995.0
5815,,6,0.6666666666666666,37.0,838.0,249.0,0.04410011918951132,Mobile,
77963,7.0,3,2.3333333333333335,995.0,889.0,0.0,1.1179775280898876,Console,2025.0
33425,5.0,5,1.0,489.0,150.0,459.0,3.23841059602649,Mobile,1003.0
3602,7.0,3,2.3333333333333335,200.0,274.0,429.0,0.7272727272727273,PC,435.0
727,,6,0.6666666666666666,531.0,305.0,268.0,1.7352941176470589,Mobile,
5914,3.0,7,0.42857142857142855,123.0,481.0,272.0,0.2551867219917012,Mobile,261.0
099,9.0,1,9.0,311.0,713.0,235.0,0.43557422969187676,Mobile,667.0
66015,,9,0.1111111111111111,350.0,281.0,173.0,1.2411347517730495,Console,
8284,5.0,5,1.0,592.0,452.0,147.0,1.3068432671081678,PC,1209.0
49715,3.0,7,0.42857142857142855,291.0,763.0,194.0,0.38089005235602097,PC,597.0
964,7.0,3,2.3333333333333335,626.0,249.0,416.0,2.504,PC,1287.0
421,3.0,7,0.42857142857142855,,234.0,148.0,2.195744680851064,Mobile,
44484,,7,0.42857142857142855,990.0,577.0,529.0,1.71280276816609,Console,
992,7.0,3,2.3333333333333335,524.0,514.0,240.0,1.0174757281553397,Mobile,1083.0
59127,2.0,8,0.25,97.0,80.0,19.0,1.1975308641975309,Mobile,204.0
38185,8.0,2,4.0,798.0,790.0,396.0,1.008849557522124,PC,1636.0
1170,,7,0.42857142857142855,,797.0,408.0,1.136591478696742,Console,
4786,3.0,7,0.42857142857142855,691.0,10.0,365.0,62.81818181818182,Console,1397.0
831,3.0,7,0.42857142857142855,818.0,458.0,380.0,1.7821350762527233,Mobile,1651.0
685,9.0,1,9.0,721.0,153.0,259.0,4.681818181818182,PC,1487.0
331,4.0,6,0.6666666666666666,741.0,97.0,194.0,7.561224489795919,Console,1502.0
5872,1.0,9,0.1111111111111111,860.0,833.0,421.0,1.0311750599520384,Mobile,1725.0
18206,5.0,5,1.0,,210.0,487.0,2.345971563981043,Mobile,
2006,3.0,7,0.42857142857142855,117.0,132.0,246.0,0.8796992481203008,PC,249.0
165,1.0,9,0.1111111111111111,109.0,938.0,359.0,0.11608093716719915,Mobile,223.0
51274,7.0,3,2.3333333333333335,71.0,280.0,403.0,0.2526690391459075,PC,177.0
234,1.0,9,0.1111111111111111,263.0,156.0,509.0,1.6751592356687899,Console,531.0
3493,3.0,7,0.42857142857142855,,294.0,494.0,2.7288135593220337,Console,
63580,8.0,2,4.0,762.0,857.0,267.0,0.8881118881118881,Mobile,1564.0
312,9.0,1,9.0,627.0,228.0,300.0,2.7379912663755457,Mobile,1299.0
490,7.0,3,2.3333333333333335,,243.0,183.0,2.377049180327869,PC,
7721,,4,1.5,847.0,0.0,399.0,847.0,Console,
09230,8.0,2,4.0,986.0,778.0,371.0,1.2657252888318358,Console,2012.0
1311,7.0,3,2.3333333333333335,463.0,802.0,469.0,0.5765877957658779,PC,961.0
7822,,4,1.5,545.0,580.0,508.0,0.9380378657487092,Console,
615,2.0,8,0.25,737.0,107.0,416.0,6.824074074074074,PC,1484.0
71618,8.0,2,4.0,278.0,860.0,300.0,0.3228803716608595,Mobile,596.0
469,1.0,9,0.1111111111111111,490.0,852.0,250.0,0.5744431418522861,Console,985.0
01419,6.0,4,1.5,781.0,831.0,482.0,0.9387019230769231,Console,1592.0
50078,4.0,6,0.6666666666666666,,143.0,49.0,3.8819444444444446,Console,
332,4.0,6,0.6666666666666666,256.0,,,0.8827586206896552,Mobile,532.0
15093,8.0,2,4.0,,425.0,182.0,0.29577464788732394,Mobile,
7315,9.0,1,9.0,699.0,67.0,519.0,10.279411764705882,PC,1443.0
03375,1.0,9,0.1111111111111111,231.0,492.0,542.0,0.4685598377281947,PC,467.0
44590,1.0,9,0.1111111111111111,,649.0,104.0,0.34,PC,
7096,4.0,6,0.6666666666666666,656.0,232.0,365.0,2.815450643776824,Mobile,1332.0
62276,4.0,6,0.6666666666666666,,805.0,518.0,0.2803970223325062,Mobile,
75697,9.0,1,9.0,90.0,312.0,305.0,0.28753993610223644,PC,225.0
59589,1.0,9,0.1111111111111111,256.0,68.0,102.0,3.710144927536232,Mobile,517.0
3268,,8,0.25,491.0,49.0,99.0,9.82,PC,
8020,,4,1.5,900.0,253.0,133.0,3.543307086614173,Mobile,
4634,1.0,9,0.1111111111111111,,879.0,112.0,0.5840909090909091,Console,
236,3.0,7,0.42857142857142855,617.0,24.0,524.0,24.68,PC,1249.0
7977,6.0,4,1.5,400.0,982.0,210.0,0.4069175991861648,Console,830.0
5672,,1,9.0,3.0,303.0,551.0,0.009868421052631578,Mobile,
9121,8.0,2,4.0,377.0,61.0,535.0,6.080645161290323,Console,794.0
959,4.0,6,0.6666666666666666,,211.0,58.0,2.099056603773585,Console,
03892,9.0,1,9.0,561.0,447.0,195.0,1.2522321428571428,Mobile,1167.0
54160,5.0,5,1.0,209.0,753.0,96.0,0.27718832891246686,PC,443.0
613,2.0,8,0.25,713.0,53.0,7.0,13.203703703703704,Console,1436.0
230,9.0,1,9.0,45.0,301.0,365.0,0.1490066225165563,Console,135.0
7831,7.0,3,2.3333333333333335,,630.0,215.0,1.4167987321711568,PC,
7820,7.0,3,2.3333333333333335,147.0,800.0,139.0,0.18352059925093633,PC,329.0
019,1.0,9,0.1111111111111111,111.0,925.0,276.0,0.11987041036717062,Console,227.0
356,5.0,5,1.0,,223.0,71.0,3.6875,PC,
30665,9.0,1,9.0,735.0,757.0,217.0,0.9696569920844327,PC,1515.0
88937,6.0,4,1.5,716.0,59.0,488.0,11.933333333333334,PC,1462.0
8889,2.0,8,0.25,,213.0,369.0,2.8271028037383177,Console,
9586,2.0,8,0.25,446.0,326.0,43.0,1.363914373088685,PC,902.0
2916,7.0,3,2.3333333333333335,238.0,402.0,473.0,0.5905707196029777,Mobile,511.0
3810,2.0,8,0.25,66.0,765.0,514.0,0.08616187989556136,Mobile,142.0
51942,4.0,6,0.6666666666666666,976.0,141.0,56.0,6.873239436619718,Console,1972.0
02205,8.0,2,4.0,689.0,604.0,497.0,1.1388429752066116,PC,1418.0
1963,6.0,4,1.5,723.0,75.0,47.0,9.513157894736842,PC,1476.0
3319,2.0,8,0.25,873.0,,,14.796610169491526,Mobile,1756.0
489,2.0,8,0.25,419.0,938.0,357.0,0.44621938232161873,PC,848.0
57726,9.0,1,9.0,800.0,557.0,382.0,1.4336917562724014,Mobile,1645.0
834,5.0,5,1.0,661.0,339.0,549.0,1.9441176470588235,PC,1347.0
65416,1.0,9,0.1111111111111111,983.0,607.0,365.0,1.6167763157894737,PC,1971.0
1364,8.0,2,4.0,225.0,428.0,493.0,0.5244755244755245,Mobile,490.0
2287,5.0,5,1.0,,18.0,526.0,18.0,Console,
62624,4.0,6,0.6666666666666666,,444.0,488.0,1.7213483146067416,Mobile,
384,9.0,1,9.0,971.0,602.0,470.0,1.6102819237147596,PC,1987.0
93948,2.0,8,0.25,149.0,251.0,218.0,0.5912698412698413,Console,308.0
329,4.0,6,0.6666666666666666,,371.0,102.0,0.15591397849462366,PC,
148,6.0,4,1.5,681.0,933.0,83.0,0.7291220556745182,PC,1392.0
387,1.0,9,0.1111111111111111,,578.0,474.0,0.7322970639032815,PC,
347,5.0,5,1.0,487.0,626.0,514.0,0.7767145135566188,PC,999.0
213,,5,1.0,251.0,473.0,163.0,0.5295358649789029,Console,
225,2.0,8,0.25,430.0,349.0,63.0,1.2285714285714286,PC,870.0
136,3.0,7,0.42857142857142855,633.0,622.0,40.0,1.0160513643659712,Console,1281.0
7088,2.0,8,0.25,706.0,221.0,361.0,3.18018018018018,Console,1422.0
62427,7.0,3,2.3333333333333335,,958.0,200.0,0.7570385818561001,Mobile,
6179,4.0,6,0.6666666666666666,,533.0,408.0,0.15355805243445692,PC,
06894,4.0,6,0.6666666666666666,539.0,560.0,242.0,0.9607843137254902,Mobile,1098.0
94568,4.0,6,0.6666666666666666,512.0,231.0,334.0,2.206896551724138,Console,1044.0
293,8.0,2,4.0,182.0,830.0,194.0,0.2190132370637786,Mobile,404.0
3988,4.0,6,0.6666666666666666,615.0,53.0,525.0,11.38888888888889,Console,1250.0
864,2.0,8,0.25,243.0,946.0,119.0,0.2565997888067582,PC,496.0
5818,2.0,8,0.25,515.0,747.0,552.0,0.6885026737967914,Console,1040.0
68672,,2,4.0,,98.0,245.0,4.141414141414141,Mobile,
863,1.0,9,0.1111111111111111,717.0,699.0,520.0,1.0242857142857142,Console,1439.0
7953,3.0,7,0.42857142857142855,157.0,94.0,152.0,1.6526315789473685,Mobile,329.0
12381,2.0,8,0.25,139.0,,,2.1384615384615384,Console,288.0
43911,3.0,7,0.42857142857142855,731.0,584.0,209.0,1.2495726495726496,PC,1477.0
54665,2.0,8,0.25,865.0,91.0,148.0,9.402173913043478,Console,1740.0
92047,2.0,8,0.25,513.0,97.0,207.0,5.23469387755102,PC,1036.0
6461,4.0,6,0.6666666666666666,315.0,,,0.43448275862068964,Mobile,650.0
4450,5.0,5,1.0,719.0,60.0,59.0,11.78688524590164,Mobile,1463.0
038,9.0,1,9.0,562.0,741.0,152.0,0.7574123989218329,Console,1169.0
3388,5.0,5,1.0,93.0,122.0,543.0,0.7560975609756098,Console,211.0
13727,1.0,9,0.1111111111111111,308.0,57.0,514.0,5.310344827586207,Console,621.0
67792,9.0,1,9.0,18.0,,,0.03529411764705882,Console,81.0
22251,7.0,3,2.3333333333333335,958.0,898.0,59.0,1.0656284760845385,PC,1951.0
7359,9.0,1,9.0,577.0,382.0,371.0,1.5065274151436032,PC,1199.0
83530,4.0,6,0.6666666666666666,211.0,316.0,550.0,0.6656151419558359,PC,442.0
78084,1.0,9,0.1111111111111111,175.0,489.0,355.0,0.35714285714285715,Console,355.0
0472,5.0,5,1.0,274.0,640.0,235.0,0.42745709828393136,Console,573.0
1240,8.0,2,4.0,522.0,194.0,215.0,2.6769230769230767,PC,1084.0
3698,6.0,4,1.5,964.0,189.0,496.0,5.073684210526316,Console,1958.0
17540,9.0,1,9.0,635.0,687.0,27.0,0.9229651162790697,Console,1315.0
72204,7.0,3,2.3333333333333335,195.0,,,1.625,Mobile,425.0
8115,7.0,3,2.3333333333333335,530.0,,,1.2990196078431373,Console,1095.0
5036,9.0,1,9.0,193.0,361.0,321.0,0.5331491712707183,Console,431.0
3166,,7,0.42857142857142855,619.0,621.0,193.0,0.9951768488745981,Console,
30621,3.0,7,0.42857142857142855,326.0,660.0,353.0,0.49319213313161875,Console,667.0
297,,4,1.5,,,,1.0943775100401607,Console,
59819,1.0,9,0.1111111111111111,223.0,746.0,356.0,0.29852744310575635,Console,451.0
311,6.0,4,1.5,301.0,280.0,496.0,1.0711743772241993,Console,632.0
728,9.0,1,9.0,143.0,669.0,35.0,0.21343283582089553,Console,331.0
2845,4.0,6,0.6666666666666666,474.0,28.0,388.0,16.344827586206897,Mobile,968.0
525,2.0,8,0.25,293.0,446.0,225.0,0.6554809843400448,Mobile,596.0
2931,5.0,5,1.0,268.0,166.0,84.0,1.6047904191616766,PC,561.0
75093,,5,1.0,657.0,565.0,274.0,1.1607773851590106,PC,
9149,,1,9.0,932.0,768.0,258.0,1.211963589076723,PC,
52426,2.0,8,0.25,49.0,554.0,219.0,0.08828828828828829,Mobile,108.0
86687,3.0,7,0.42857142857142855,910.0,130.0,390.0,6.9465648854961835,PC,1835.0
0013,7.0,3,2.3333333333333335,705.0,763.0,191.0,0.9227748691099477,Mobile,1445.0
445,3.0,7,0.42857142857142855,634.0,205.0,112.0,3.0776699029126213,Mobile,1283.0
9026,1.0,9,0.1111111111111111,,339.0,205.0,2.7176470588235295,Console,
8560,9.0,1,9.0,339.0,626.0,352.0,0.5406698564593302,Console,723.0
95519,6.0,4,1.5,432.0,37.0,352.0,11.368421052631579,Console,894.0
2227,8.0,2,4.0,463.0,640.0,90.0,0.7223088923556942,Console,966.0
48299,6.0,4,1.5,83.0,77.0,266.0,1.064102564102564,Console,196.0
36519,1.0,9,0.1111111111111111,502.0,659.0,17.0,0.7606060606060606,PC,1009.0
3000,7.0,3,2.3333333333333335,29.0,799.0,274.0,0.03625,Mobile,93.0
44446,4.0,6,0.6666666666666666,885.0,527.0,38.0,1.6761363636363635,PC,1790.0
91207,5.0,5,1.0,183.0,372.0,317.0,0.4906166219839142,Console,391.0
5086,7.0,3,2.3333333333333335,405.0,509.0,99.0,0.7941176470588235,PC,845.0
67273,2.0,8,0.25,,319.0,542.0,2.953125,Mobile,
1262,1.0,9,0.1111111111111111,,216.0,394.0,0.3456221198156682,Mobile,
189,1.0,9,0.1111111111111111,637.0,842.0,115.0,0.7556346381969158,PC,1279.0
8415,8.0,2,4.0,265.0,495.0,126.0,0.5342741935483871,PC,570.0
2836,4.0,6,0.6666666666666666,253.0,532.0,494.0,0.474671669793621,Mobile,526.0
6554,7.0,3,2.3333333333333335,556.0,813.0,391.0,0.683046683046683,PC,1147.0
8719,7.0,3,2.3333333333333335,370.0,,,3.592233009708738,PC,775.0
67719,3.0,7,0.42857142857142855,994.0,382.0,210.0,2.5953002610966056,PC,2003.0
6303,7.0,3,2.3333333333333335,507.0,67.0,355.0,7.455882352941177,PC,1049.0
0605,3.0,7,0.42857142857142855,876.0,403.0,364.0,2.1683168316831685,Console,1767.0
216,5.0,5,1.0,739.0,71.0,324.0,10.26388888888889,Console,1503.0
1549,6.0,4,1.5,497.0,792.0,294.0,0.626733921815889,Console,1024.0
68230,3.0,7,0.42857142857142855,702.0,,,0.7041123370110332,PC,1419.0
252,6.0,4,1.5,474.0,616.0,354.0,0.7682333873581848,Mobile,978.0
240,4.0,6,0.6666666666666666,241.0,994.0,411.0,0.2422110552763819,Console,502.0
79724,6.0,4,1.5,319.0,113.0,548.0,2.7982456140350878,Mobile,668.0
523,7.0,3,2.3333333333333335,355.0,887.0,173.0,0.3997747747747748,PC,745.0
1936,9.0,1,9.0,216.0,754.0,314.0,0.2860927152317881,Console,477.0
4437,2.0,8,0.25,36.0,775.0,5.0,0.04639175257731959,PC,82.0
1576,1.0,9,0.1111111111111111,360.0,439.0,197.0,0.8181818181818182,PC,725.0
116,,9,0.1111111111111111,700.0,36.0,222.0,18.91891891891892,Console,
131,,5,1.0,,324.0,30.0,1.3876923076923078,PC,
209,3.0,7,0.42857142857142855,155.0,769.0,407.0,0.2012987012987013,Console,325.0
538,2.0,8,0.25,143.0,649.0,398.0,0.22,Mobile,296.0
6037,2.0,8,0.25,107.0,898.0,536.0,0.11902113459399333,PC,224.0
02228,3.0,7,0.42857142857142855,109.0,107.0,70.0,1.0092592592592593,Console,233.0
0184,1.0,9,0.1111111111111111,522.0,60.0,59.0,8.557377049180328,PC,1049.0
702,5.0,5,1.0,848.0,241.0,151.0,3.5041322314049586,Console,1721.0
84688,5.0,5,1.0,139.0,281.0,221.0,0.4929078014184397,PC,303.0
44336,1.0,9,0.1111111111111111,34.0,134.0,509.0,0.2518518518518518,PC,73.0
4191,3.0,7,0.42857142857142855,41.0,396.0,180.0,0.10327455919395466,Mobile,97.0
9187,8.0,2,4.0,394.0,827.0,104.0,0.4758454106280193,PC,828.0
14377,4.0,6,0.6666666666666666,968.0,656.0,394.0,1.4733637747336377,Console,1956.0
646,6.0,4,1.5,186.0,459.0,389.0,0.4043478260869565,Mobile,402.0
8562,1.0,9,0.1111111111111111,762.0,319.0,462.0,2.38125,PC,1529.0
7394,7.0,3,2.3333333333333335,741.0,957.0,86.0,0.7734864300626305,Mobile,1517.0
602,5.0,5,1.0,642.0,476.0,275.0,1.3459119496855345,Mobile,1309.0
7483,4.0,6,0.6666666666666666,290.0,,,5.2727272727272725,Console,600.0
595,9.0,1,9.0,404.0,280.0,495.0,1.4377224199288257,Mobile,853.0
95820,1.0,9,0.1111111111111111,292.0,802.0,529.0,0.36363636363636365,Console,589.0
023,1.0,9,0.1111111111111111,193.0,616.0,142.0,0.31280388978930307,Mobile,391.0
92127,8.0,2,4.0,78.0,255.0,259.0,0.3046875,Console,196.0
8335,1.0,9,0.1111111111111111,34.0,885.0,426.0,0.03837471783295711,Mobile,73.0
4246,9.0,1,9.0,966.0,425.0,73.0,2.267605633802817,Console,1977.0
559,7.0,3,2.3333333333333335,312.0,92.0,523.0,3.3548387096774195,Mobile,659.0
86278,8.0,2,4.0,545.0,831.0,187.0,0.6550480769230769,Console,1130.0
098,9.0,1,9.0,324.0,790.0,58.0,0.40960809102402024,Console,693.0
6885,6.0,4,1.5,489.0,658.0,72.0,0.7420333839150227,Console,1008.0
127,7.0,3,2.3333333333333335,689.0,,,1.2281639928698753,PC,1413.0
385,3.0,7,0.42857142857142855,657.0,125.0,277.0,5.214285714285714,Mobile,1329.0
92232,5.0,5,1.0,975.0,153.0,5.0,6.3311688311688314,Console,1975.0
041,9.0,1,9.0,23.0,952.0,9.0,0.024134312696747113,PC,91.0
02269,,7,0.42857142857142855,727.0,300.0,534.0,2.4152823920265782,Console,
6450,6.0,4,1.5,336.0,726.0,130.0,0.4621733149931224,PC,702.0
67026,6.0,4,1.5,872.0,815.0,48.0,1.0686274509803921,Console,1774.0
5656,5.0,5,1.0,,854.0,104.0,0.4994152046783626,Mobile,
228,4.0,6,0.6666666666666666,135.0,48.0,92.0,2.7551020408163267,PC,290.0
27066,1.0,9,0.1111111111111111,842.0,115.0,86.0,7.258620689655173,Console,1689.0
54388,3.0,7,0.42857142857142855,864.0,533.0,476.0,1.6179775280898876,PC,1743.0
92633,3.0,7,0.42857142857142855,454.0,638.0,124.0,0.7104851330203443,Mobile,923.0
92082,5.0,5,1.0,469.0,684.0,347.0,0.6846715328467153,PC,963.0
586,4.0,6,0.6666666666666666,361.0,988.0,263.0,0.36501516683518703,PC,742.0
7709,4.0,6,0.6666666666666666,540.0,219.0,351.0,2.4545454545454546,Console,1100.0
1064,6.0,4,1.5,843.0,642.0,16.0,1.3110419906687403,PC,1716.0
0353,1.0,9,0.1111111111111111,747.0,482.0,28.0,1.546583850931677,Mobile,1499.0
4548,7.0,3,2.3333333333333335,565.0,,,2.7832512315270934,Mobile,1165.0
76192,7.0,3,2.3333333333333335,722.0,210.0,294.0,3.4218009478672986,Console,1479.0
49335,8.0,2,4.0,839.0,580.0,299.0,1.4440619621342512,PC,1718.0
4258,5.0,5,1.0,336.0,275.0,283.0,1.2173913043478262,PC,697.0
7334,4.0,6,0.6666666666666666,876.0,921.0,269.0,0.9501084598698482,PC,1772.0
175,8.0,2,4.0,193.0,484.0,226.0,0.3979381443298969,Mobile,426.0
304,4.0,6,0.6666666666666666,440.0,760.0,454.0,0.5781865965834428,Mobile,900.0
4274,9.0,1,9.0,43.0,124.0,160.0,0.344,PC,131.0
7933,,3,2.3333333333333335,109.0,2.0,540.0,36.333333333333336,PC,
526,9.0,1,9.0,857.0,270.0,352.0,3.162361623616236,Mobile,1759.0
2155,2.0,8,0.25,615.0,916.0,409.0,0.6706652126499455,Console,1240.0
1115,1.0,9,0.1111111111111111,541.0,734.0,177.0,0.7360544217687075,Console,1087.0
800,9.0,1,9.0,931.0,95.0,514.0,9.697916666666666,Mobile,1907.0
47699,9.0,1,9.0,966.0,341.0,356.0,2.824561403508772,Console,1977.0
9818,4.0,6,0.6666666666666666,461.0,656.0,474.0,0.7016742770167428,Console,942.0
733,5.0,5,1.0,177.0,271.0,383.0,0.6507352941176471,Console,379.0
9907,4.0,6,0.6666666666666666,707.0,640.0,451.0,1.1029641185647425,Mobile,1434.0
469,6.0,4,1.5,,705.0,391.0,0.8016997167138811,PC,
5242,9.0,1,9.0,468.0,694.0,18.0,0.6733812949640288,Mobile,981.0
694,2.0,8,0.25,582.0,507.0,545.0,1.1456692913385826,Mobile,1174.0
742,6.0,4,1.5,281.0,583.0,75.0,0.4811643835616438,PC,592.0
1788,6.0,4,1.5,606.0,912.0,464.0,0.6637458926615553,PC,1242.0
520,6.0,4,1.5,870.0,308.0,16.0,2.8155339805825244,Console,1770.0
16507,8.0,2,4.0,751.0,491.0,471.0,1.5264227642276422,PC,1542.0
1905,3.0,7,0.42857142857142855,931.0,32.0,385.0,28.21212121212121,PC,1877.0
64238,8.0,2,4.0,936.0,939.0,226.0,0.9957446808510638,PC,1912.0
443,,7,0.42857142857142855,360.0,705.0,455.0,0.509915014164306,Console,
0574,7.0,3,2.3333333333333335,515.0,863.0,392.0,0.5960648148148148,Console,1065.0
1454,2.0,8,0.25,205.0,935.0,264.0,0.21901709401709402,Mobile,420.0
070,8.0,2,4.0,477.0,226.0,337.0,2.101321585903084,Mobile,994.0
955,8.0,2,4.0,528.0,8.0,109.0,58.666666666666664,PC,1096.0
875,2.0,8,0.25,691.0,,,3.2904761904761903,PC,1392.0
655,4.0,6,0.6666666666666666,419.0,463.0,471.0,0.9030172413793104,Mobile,858.0
988,,2,4.0,987.0,994.0,450.0,0.9919597989949749,Mobile,
16891,7.0,3,2.3333333333333335,424.0,218.0,123.0,1.9360730593607305,Console,883.0
5541,,2,4.0,744.0,,,0.9358490566037736,PC,
172,9.0,1,9.0,48.0,447.0,494.0,0.10714285714285714,PC,141.0
00273,7.0,3,2.3333333333333335,696.0,886.0,1.0,0.7846674182638106,Console,1427.0
10531,5.0,5,1.0,839.0,90.0,524.0,9.219780219780219,Console,1703.0
48264,4.0,6,0.6666666666666666,954.0,567.0,498.0,1.6795774647887325,Console,1928.0
19521,7.0,3,2.3333333333333335,413.0,167.0,535.0,2.4583333333333335,PC,861.0
40441,4.0,6,0.6666666666666666,525.0,687.0,370.0,0.7630813953488372,Console,1070.0
2547,7.0,3,2.3333333333333335,812.0,253.0,334.0,3.1968503937007875,Console,1659.0
696,6.0,4,1.5,,856.0,144.0,0.14352392065344224,Mobile,
71009,8.0,2,4.0,449.0,971.0,329.0,0.4619341563786008,PC,938.0
533,8.0,2,4.0,549.0,571.0,479.0,0.9597902097902098,PC,1138.0
71966,4.0,6,0.6666666666666666,877.0,657.0,34.0,1.3328267477203648,Console,1774.0
291,3.0,7,0.42857142857142855,189.0,415.0,15.0,0.4543269230769231,Console,393.0
66293,4.0,6,0.6666666666666666,138.0,939.0,206.0,0.14680851063829786,Mobile,296.0
7960,5.0,5,1.0,,838.0,262.0,0.9582836710369488,Console,
5933,2.0,8,0.25,770.0,24.0,254.0,30.8,PC,1550.0
35639,6.0,4,1.5,568.0,994.0,82.0,0.5708542713567839,Mobile,1166.0
3967,7.0,3,2.3333333333333335,,85.0,110.0,6.023255813953488,Mobile,
3114,5.0,5,1.0,470.0,902.0,176.0,0.5204872646733112,Console,965.0
0718,6.0,4,1.5,236.0,128.0,381.0,1.8294573643410852,Mobile,502.0
91002,2.0,8,0.25,304.0,439.0,524.0,0.6909090909090909,Console,618.0
425,1.0,9,0.1111111111111111,109.0,959.0,462.0,0.11354166666666667,PC,223.0
1620,9.0,1,9.0,594.0,219.0,83.0,2.7,PC,1233.0
7638,1.0,9,0.1111111111111111,266.0,92.0,260.0,2.860215053763441,Mobile,537.0
307,3.0,7,0.42857142857142855,846.0,864.0,499.0,0.9780346820809248,Mobile,1707.0
4931,8.0,2,4.0,211.0,814.0,40.0,0.2588957055214724,Mobile,462.0
769,3.0,7,0.42857142857142855,20.0,,,0.1092896174863388,PC,55.0
131,6.0,4,1.5,282.0,911.0,15.0,0.3092105263157895,Mobile,594.0
50366,,8,0.25,354.0,883.0,48.0,0.4004524886877828,PC,
17840,5.0,5,1.0,308.0,291.0,90.0,1.0547945205479452,PC,641.0
278,2.0,8,0.25,475.0,185.0,207.0,2.553763440860215,Mobile,960.0
925,,8,0.25,736.0,625.0,408.0,1.1757188498402555,PC,
80262,1.0,9,0.1111111111111111,648.0,857.0,109.0,0.7552447552447552,Mobile,1301.0
2267,4.0,6,0.6666666666666666,940.0,127.0,112.0,7.34375,Console,1900.0
72155,1.0,9,0.1111111111111111,848.0,241.0,226.0,3.5041322314049586,PC,1701.0
770,7.0,3,2.3333333333333335,251.0,954.0,362.0,0.2628272251308901,PC,537.0
39318,3.0,7,0.42857142857142855,,215.0,33.0,4.347222222222222,Console,
567,9.0,1,9.0,989.0,673.0,310.0,1.467359050445104,Mobile,2023.0
733,4.0,6,0.6666666666666666,582.0,577.0,533.0,1.0069204152249136,PC,1184.0
143,5.0,5,1.0,,754.0,403.0,1.0834437086092714,Console,
70531,6.0,4,1.5,919.0,354.0,186.0,2.5887323943661973,Console,1868.0
87576,2.0,8,0.25,901.0,723.0,547.0,1.2444751381215469,Console,1812.0
690,9.0,1,9.0,779.0,546.0,421.0,1.4241316270566728,PC,1603.0
407,8.0,2,4.0,346.0,734.0,216.0,0.4707482993197279,Mobile,732.0
8453,2.0,8,0.25,,353.0,46.0,2.34180790960452,Mobile,
361,4.0,6,0.6666666666666666,181.0,374.0,66.0,0.4826666666666667,Console,382.0
78080,4.0,6,0.6666666666666666,79.0,197.0,418.0,0.398989898989899,Mobile,178.0
235,9.0,1,9.0,429.0,154.0,417.0,2.767741935483871,Mobile,903.0
228,8.0,2,4.0,373.0,649.0,239.0,0.5738461538461539,PC,786.0
8941,1.0,9,0.1111111111111111,63.0,739.0,506.0,0.08513513513513514,Mobile,131.0
18327,2.0,8,0.25,212.0,235.0,511.0,0.8983050847457628,Mobile,434.0
908,6.0,4,1.5,857.0,982.0,95.0,0.8718209562563581,Console,1744.0
966,5.0,5,1.0,39.0,766.0,371.0,0.05084745762711865,PC,103.0
20449,8.0,2,4.0,611.0,370.0,553.0,1.646900269541779,Mobile,1262.0
6577,8.0,2,4.0,16.0,84.0,496.0,0.18823529411764706,Mobile,72.0
4188,4.0,6,0.6666666666666666,,728.0,377.0,0.6598079561042524,Console,
84120,3.0,7,0.42857142857142855,105.0,997.0,32.0,0.10521042084168336,Console,225.0
8971,4.0,6,0.6666666666666666,458.0,541.0,27.0,0.8450184501845018,Mobile,936.0
169,3.0,7,0.42857142857142855,,287.0,306.0,2.3854166666666665,Mobile,
192,6.0,4,1.5,433.0,595.0,127.0,0.7265100671140939,Console,896.0
596,1.0,9,0.1111111111111111,103.0,769.0,289.0,0.13376623376623376,Mobile,211.0
856,9.0,1,9.0,509.0,469.0,201.0,1.0829787234042554,Mobile,1063.0
942,9.0,1,9.0,122.0,395.0,454.0,0.30808080808080807,Console,289.0
224,4.0,6,0.6666666666666666,86.0,546.0,310.0,0.15722120658135283,Console,192.0
688,3.0,7,0.42857142857142855,357.0,88.0,56.0,4.01123595505618,Console,729.0
68006,3.0,7,0.42857142857142855,824.0,283.0,442.0,2.9014084507042255,Mobile,1663.0
9838,4.0,6,0.6666666666666666,952.0,763.0,449.0,1.2460732984293195,Console,1924.0
9236,2.0,8,0.25,,722.0,86.0,0.9654218533886584,PC,
89770,9.0,1,9.0,723.0,420.0,66.0,1.7173396674584323,Console,1491.0
377,5.0,5,1.0,366.0,133.0,6.0,2.7313432835820897,PC,757.0
4755,1.0,9,0.1111111111111111,786.0,151.0,292.0,5.171052631578948,PC,1577.0
429,5.0,5,1.0,732.0,619.0,95.0,1.1806451612903226,PC,1489.0
46319,6.0,4,1.5,,522.0,225.0,0.27724665391969405,PC,
65936,3.0,7,0.42857142857142855,391.0,858.0,508.0,0.4551804423748545,Console,797.0
2715,,2,4.0,711.0,403.0,294.0,1.75990099009901,Console,
0476,7.0,3,2.3333333333333335,847.0,177.0,421.0,4.758426966292135,Console,1729.0
2344,6.0,4,1.5,729.0,434.0,125.0,1.6758620689655173,Mobile,1488.0
708,1.0,9,0.1111111111111111,829.0,816.0,490.0,1.01468788249694,Console,1663.0
62439,3.0,7,0.42857142857142855,948.0,256.0,177.0,3.688715953307393,Console,1911.0
579,4.0,6,0.6666666666666666,173.0,,,0.1970387243735763,Mobile,366.0
7884,5.0,5,1.0,,293.0,76.0,1.6802721088435375,Console,
253,5.0,5,1.0,515.0,475.0,507.0,1.0819327731092436,Console,1055.0
4173,6.0,4,1.5,915.0,728.0,291.0,1.2551440329218106,Mobile,1860.0
614,2.0,8,0.25,391.0,11.0,381.0,32.583333333333336,Mobile,792.0
6369,1.0,9,0.1111111111111111,734.0,651.0,22.0,1.1257668711656441,PC,1473.0
530,3.0,7,0.42857142857142855,580.0,,,0.6651376146788991,Mobile,1175.0
80317,,6,0.6666666666666666,122.0,870.0,158.0,0.14006888633754305,Mobile,
158,9.0,1,9.0,211.0,143.0,62.0,1.4652777777777777,Console,467.0
83950,9.0,1,9.0,713.0,113.0,193.0,6.254385964912281,Console,1471.0
7547,6.0,4,1.5,731.0,447.0,310.0,1.6316964285714286,Mobile,1492.0
9724,2.0,8,0.25,718.0,304.0,346.0,2.3540983606557377,Mobile,1446.0
283,4.0,6,0.6666666666666666,201.0,774.0,330.0,0.2593548387096774,PC,422.0
7837,6.0,4,1.5,553.0,47.0,374.0,11.520833333333334,PC,1136.0
33877,6.0,4,1.5,696.0,681.0,50.0,1.0205278592375366,PC,1422.0
5359,5.0,5,1.0,123.0,813.0,432.0,0.1511056511056511,Console,271.0
583,,3,2.3333333333333335,340.0,863.0,136.0,0.39351851851851855,Mobile,
53288,1.0,9,0.1111111111111111,651.0,364.0,42.0,1.7835616438356163,Mobile,1307.0
335,6.0,4,1.5,204.0,739.0,487.0,0.2756756756756757,PC,438.0
12580,6.0,4,1.5,,254.0,421.0,0.8549019607843137,Console,
73699,9.0,1,9.0,550.0,566.0,229.0,0.9700176366843033,Console,1145.0
013,,5,1.0,835.0,550.0,313.0,1.515426497277677,Mobile,
9025,9.0,1,9.0,816.0,609.0,445.0,1.337704918032787,Console,1677.0
37024,2.0,8,0.25,135.0,603.0,422.0,0.22350993377483444,Mobile,280.0
460,7.0,3,2.3333333333333335,655.0,629.0,365.0,1.0396825396825398,PC,1345.0
70745,3.0,7,0.42857142857142855,701.0,673.0,107.0,1.040059347181009,PC,1417.0
55693,8.0,2,4.0,71.0,425.0,281.0,0.16666666666666666,Mobile,182.0
42331,,9,0.1111111111111111,4.0,896.0,188.0,0.004459308807134894,Console,
580,6.0,4,1.5,333.0,702.0,528.0,0.47368421052631576,PC,696.0
303,9.0,1,9.0,,692.0,467.0,1.0360750360750361,Mobile,
480,,7,0.42857142857142855,242.0,625.0,417.0,0.3865814696485623,PC,
75599,7.0,3,2.3333333333333335,,760.0,33.0,0.1366622864651774,PC,
32810,5.0,5,1.0,743.0,500.0,511.0,1.4830339321357286,Mobile,1511.0
934,,3,2.3333333333333335,185.0,497.0,406.0,0.3714859437751004,PC,
793,4.0,6,0.6666666666666666,820.0,840.0,481.0,0.9750297265160524,Console,1660.0
108,9.0,1,9.0,,729.0,362.0,0.536986301369863,Mobile,
81286,,7,0.42857142857142855,337.0,123.0,157.0,2.717741935483871,PC,
45227,3.0,7,0.42857142857142855,701.0,410.0,6.0,1.705596107055961,PC,1417.0
85312,9.0,1,9.0,453.0,19.0,418.0,22.65,PC,951.0
9541,2.0,8,0.25,969.0,250.0,262.0,3.860557768924303,Mobile,1948.0
6643,7.0,3,2.3333333333333335,420.0,292.0,184.0,1.4334470989761092,Mobile,875.0
11866,3.0,7,0.42857142857142855,820.0,351.0,374.0,2.3295454545454546,Console,1655.0
29430,7.0,3,2.3333333333333335,703.0,,,1.115873015873016,Mobile,1441.0
616,1.0,9,0.1111111111111111,,615.0,207.0,1.5811688311688312,Mobile,
9010,5.0,5,1.0,235.0,387.0,463.0,0.6056701030927835,Console,495.0
060,2.0,8,0.25,,691.0,68.0,1.0852601156069364,Mobile,
74727,4.0,6,0.6666666666666666,765.0,497.0,327.0,1.536144578313253,PC,1550.0
57115,5.0,5,1.0,86.0,606.0,521.0,0.1416803953871499,Console,197.0
806,8.0,2,4.0,584.0,23.0,308.0,24.333333333333332,Console,1208.0
09161,3.0,7,0.42857142857142855,674.0,29.0,210.0,22.466666666666665,Console,1363.0
584,5.0,5,1.0,237.0,750.0,360.0,0.3155792276964048,Mobile,499.0
62020,1.0,9,0.1111111111111111,57.0,977.0,218.0,0.05828220858895705,PC,119.0
955,6.0,4,1.5,118.0,894.0,47.0,0.1318435754189944,PC,266.0
21035,,3,2.3333333333333335,311.0,93.0,3.0,3.3085106382978724,PC,
612,,3,2.3333333333333335,375.0,579.0,305.0,0.646551724137931,PC,
61547,2.0,8,0.25,222.0,58.0,5.0,3.76271186440678,Console,454.0
157,1.0,9,0.1111111111111111,266.0,,,0.8184615384615385,PC,537.0
85903,8.0,2,4.0,265.0,415.0,265.0,0.6370192307692307,PC,570.0
6560,9.0,1,9.0,767.0,489.0,99.0,1.5653061224489795,Mobile,1579.0
101,,4,1.5,948.0,211.0,332.0,4.471698113207547,Console,
46525,3.0,7,0.42857142857142855,168.0,884.0,469.0,0.18983050847457628,Console,351.0
45192,,9,0.1111111111111111,,579.0,390.0,0.9413793103448276,Mobile,
5964,2.0,8,0.25,15.0,694.0,295.0,0.02158273381294964,PC,40.0
79578,6.0,4,1.5,136.0,897.0,249.0,0.1514476614699332,PC,302.0
0410,3.0,7,0.42857142857142855,62.0,404.0,100.0,0.15308641975308643,PC,139.0
21684,5.0,5,1.0,591.0,95.0,142.0,6.15625,Console,1207.0
259,1.0,9,0.1111111111111111,569.0,643.0,455.0,0.8835403726708074,Console,1143.0
4795,4.0,6,0.6666666666666666,452.0,105.0,103.0,4.264150943396227,PC,924.0
60293,5.0,5,1.0,535.0,356.0,85.0,1.4985994397759104,PC,1095.0
397,,8,0.25,183.0,969.0,60.0,0.18865979381443299,Console,
054,1.0,9,0.1111111111111111,792.0,624.0,309.0,1.2672,PC,1589.0
0141,4.0,6,0.6666666666666666,290.0,896.0,201.0,0.3232998885172798,Console,600.0
2710,4.0,6,0.6666666666666666,250.0,509.0,236.0,0.49019607843137253,Mobile,520.0
87008,6.0,4,1.5,611.0,215.0,306.0,2.8287037037037037,PC,1252.0
6880,2.0,8,0.25,668.0,163.0,286.0,4.073170731707317,PC,1346.0
9624,5.0,5,1.0,180.0,149.0,264.0,1.2,Mobile,385.0
88137,2.0,8,0.25,981.0,630.0,132.0,1.554675118858954,Console,1972.0
54582,3.0,7,0.42857142857142855,639.0,979.0,198.0,0.6520408163265307,PC,1293.0
37684,1.0,9,0.1111111111111111,236.0,517.0,122.0,0.4555984555984556,Console,477.0
082,7.0,3,2.3333333333333335,126.0,102.0,428.0,1.2233009708737863,PC,287.0
4585,7.0,3,2.3333333333333335,773.0,789.0,112.0,0.9784810126582278,Mobile,1581.0
010,8.0,2,4.0,847.0,422.0,416.0,2.0023640661938535,Mobile,1734.0
696,8.0,2,4.0,857.0,543.0,551.0,1.5753676470588236,PC,1754.0
3267,3.0,7,0.42857142857142855,463.0,72.0,352.0,6.342465753424658,Console,941.0
5250,7.0,3,2.3333333333333335,775.0,251.0,456.0,3.0753968253968256,PC,1585.0
1636,3.0,7,0.42857142857142855,823.0,410.0,230.0,2.002433090024331,PC,1661.0
31991,,4,1.5,244.0,235.0,89.0,1.0338983050847457,Console,
121,6.0,4,1.5,81.0,961.0,369.0,0.0841995841995842,Console,192.0
149,,5,1.0,760.0,832.0,352.0,0.9123649459783914,PC,
30335,6.0,4,1.5,,178.0,82.0,4.810055865921788,Console,
73113,7.0,3,2.3333333333333335,62.0,235.0,231.0,0.2627118644067797,Mobile,159.0
46233,4.0,6,0.6666666666666666,538.0,873.0,193.0,0.6155606407322655,Mobile,1096.0
275,6.0,4,1.5,336.0,793.0,86.0,0.42317380352644834,Console,702.0
84712,9.0,1,9.0,971.0,316.0,318.0,3.0630914826498423,Mobile,1987.0
57268,6.0,4,1.5,20.0,28.0,426.0,0.6896551724137931,PC,70.0
0984,4.0,6,0.6666666666666666,688.0,222.0,29.0,3.085201793721973,Mobile,1396.0
207,9.0,1,9.0,100.0,86.0,296.0,1.1494252873563218,Console,245.0
257,5.0,5,1.0,929.0,508.0,188.0,1.825147347740668,PC,1883.0
873,8.0,2,4.0,203.0,302.0,517.0,0.66996699669967,Console,446.0
59128,8.0,2,4.0,864.0,604.0,259.0,1.428099173553719,Console,1768.0
6904,9.0,1,9.0,995.0,515.0,120.0,1.928294573643411,Console,2035.0
050,9.0,1,9.0,734.0,441.0,383.0,1.660633484162896,Mobile,1513.0
2364,1.0,9,0.1111111111111111,514.0,372.0,276.0,1.3780160857908847,Console,1033.0
10754,7.0,3,2.3333333333333335,738.0,476.0,98.0,1.5471698113207548,PC,1511.0
29836,1.0,9,0.1111111111111111,667.0,42.0,286.0,15.511627906976743,Console,1339.0
21036,7.0,3,2.3333333333333335,170.0,373.0,222.0,0.45454545454545453,PC,375.0
36489,5.0,5,1.0,333.0,289.0,387.0,1.1482758620689655,Mobile,691.0
2290,7.0,3,2.3333333333333335,637.0,361.0,541.0,1.7596685082872927,Mobile,1309.0
152,5.0,5,1.0,,806.0,287.0,0.4436183395291202,Console,
6519,4.0,6,0.6666666666666666,728.0,222.0,530.0,3.2645739910313902,Mobile,1476.0
592,7.0,3,2.3333333333333335,604.0,238.0,278.0,2.5271966527196654,PC,1243.0
021,2.0,8,0.25,311.0,244.0,144.0,1.2693877551020407,PC,632.0
99203,,3,2.3333333333333335,165.0,604.0,430.0,0.2727272727272727,Console,
6347,3.0,7,0.42857142857142855,503.0,78.0,434.0,6.367088607594937,Mobile,1021.0
764,9.0,1,9.0,529.0,142.0,257.0,3.699300699300699,Console,1103.0
503,6.0,4,1.5,467.0,604.0,159.0,0.771900826446281,PC,964.0
507,1.0,9,0.1111111111111111,,884.0,26.0,0.7977401129943503,Console,
518,7.0,3,2.3333333333333335,368.0,548.0,257.0,0.6703096539162113,Console,771.0
1856,8.0,2,4.0,507.0,286.0,4.0,1.7665505226480835,Mobile,1054.0
34483,5.0,5,1.0,728.0,677.0,296.0,1.0737463126843658,PC,1481.0
221,,9,0.1111111111111111,137.0,589.0,75.0,0.23220338983050848,Mobile,
78985,1.0,9,0.1111111111111111,329.0,352.0,25.0,0.9320113314447592,Console,663.0
5855,6.0,4,1.5,624.0,669.0,90.0,0.9313432835820895,Mobile,1278.0
92035,6.0,4,1.5,743.0,153.0,396.0,4.824675324675325,PC,1516.0
51865,3.0,7,0.42857142857142855,,685.0,357.0,0.5830903790087464,Mobile,
327,9.0,1,9.0,662.0,953.0,78.0,0.6939203354297694,Mobile,1369.0
2218,9.0,1,9.0,953.0,207.0,430.0,4.581730769230769,Mobile,1951.0
56406,,6,0.6666666666666666,97.0,,,0.3368055555555556,Mobile,
48984,2.0,8,0.25,442.0,804.0,98.0,0.5490683229813664,PC,894.0
5478,6.0,4,1.5,903.0,803.0,274.0,1.123134328358209,Console,1836.0
5237,8.0,2,4.0,592.0,399.0,432.0,1.48,Mobile,1224.0
09052,6.0,4,1.5,647.0,940.0,237.0,0.6875664187035069,Console,1324.0
6377,1.0,9,0.1111111111111111,746.0,221.0,136.0,3.3603603603603602,Console,1497.0
820,9.0,1,9.0,44.0,37.0,212.0,1.1578947368421053,Mobile,133.0
8185,4.0,6,0.6666666666666666,754.0,986.0,460.0,0.7639311043566362,Mobile,1528.0
2922,,4,1.5,638.0,576.0,211.0,1.1057192374350087,PC,
77028,7.0,3,2.3333333333333335,803.0,536.0,48.0,1.495344506517691,PC,1641.0
892,5.0,5,1.0,685.0,344.0,138.0,1.9855072463768115,Mobile,1395.0
387,2.0,8,0.25,610.0,516.0,289.0,1.1798839458413926,Console,1230.0
626,3.0,7,0.42857142857142855,47.0,579.0,428.0,0.08103448275862069,PC,109.0
18866,,7,0.42857142857142855,701.0,634.0,64.0,1.1039370078740158,Console,
09425,6.0,4,1.5,73.0,834.0,105.0,0.08742514970059881,PC,176.0
542,5.0,5,1.0,472.0,900.0,203.0,0.5238623751387348,Console,969.0
386,5.0,5,1.0,38.0,905.0,550.0,0.04194260485651214,Console,101.0
3799,6.0,4,1.5,329.0,673.0,488.0,0.48813056379821956,Console,688.0
9204,6.0,4,1.5,42.0,900.0,213.0,0.04661487236403995,PC,114.0
612,7.0,3,2.3333333333333335,99.0,14.0,350.0,6.6,PC,233.0
6620,8.0,2,4.0,839.0,297.0,225.0,2.815436241610738,PC,1718.0
32927,1.0,9,0.1111111111111111,103.0,850.0,29.0,0.12103407755581669,Mobile,211.0
81330,9.0,1,9.0,271.0,,,0.3222354340071344,Mobile,587.0
45933,2.0,8,0.25,930.0,655.0,41.0,1.4176829268292683,Console,1870.0
747,7.0,3,2.3333333333333335,218.0,,,1.4533333333333334,Mobile,471.0
51781,4.0,6,0.6666666666666666,917.0,613.0,231.0,1.493485342019544,Mobile,1854.0
572,5.0,5,1.0,510.0,646.0,437.0,0.7882534775888718,PC,1045.0
9070,5.0,5,1.0,940.0,461.0,547.0,2.034632034632035,Mobile,1905.0
27012,8.0,2,4.0,804.0,385.0,253.0,2.082901554404145,Console,1648.0
120,5.0,5,1.0,827.0,664.0,8.0,1.243609022556391,Console,1679.0
24997,7.0,3,2.3333333333333335,629.0,647.0,53.0,0.970679012345679,PC,1293.0
43066,3.0,7,0.42857142857142855,639.0,977.0,194.0,0.6533742331288344,Mobile,1293.0
2827,7.0,3,2.3333333333333335,853.0,,,0.9322404371584699,Mobile,1741.0
26512,,5,1.0,74.0,706.0,332.0,0.10466760961810467,PC,
20063,6.0,4,1.5,285.0,665.0,121.0,0.42792792792792794,PC,600.0
99071,2.0,8,0.25,440.0,133.0,372.0,3.283582089552239,Mobile,890.0
35337,2.0,8,0.25,161.0,,,0.2669983416252073,Console,332.0
209,8.0,2,4.0,23.0,796.0,147.0,0.028858218318695106,PC,86.0
95665,2.0,8,0.25,657.0,969.0,390.0,0.677319587628866,PC,1324.0
108,7.0,3,2.3333333333333335,63.0,113.0,192.0,0.5526315789473685,Mobile,161.0
1075,2.0,8,0.25,70.0,269.0,125.0,0.25925925925925924,Console,150.0
881,1.0,9,0.1111111111111111,989.0,8.0,248.0,109.88888888888889,PC,1983.0
31795,7.0,3,2.3333333333333335,799.0,194.0,257.0,4.097435897435897,Mobile,1633.0
592,8.0,2,4.0,944.0,977.0,139.0,0.9652351738241309,Console,1928.0
568,1.0,9,0.1111111111111111,903.0,679.0,499.0,1.3279411764705882,Mobile,1811.0
1048,9.0,1,9.0,,696.0,554.0,1.048780487804878,PC,
6866,3.0,7,0.42857142857142855,763.0,417.0,322.0,1.825358851674641,PC,1541.0
484,7.0,3,2.3333333333333335,130.0,636.0,62.0,0.20408163265306123,PC,295.0
855,1.0,9,0.1111111111111111,731.0,27.0,269.0,26.107142857142858,Mobile,1467.0
7911,9.0,1,9.0,262.0,258.0,484.0,1.0115830115830116,Console,569.0
426,6.0,4,1.5,119.0,81.0,320.0,1.451219512195122,PC,268.0
8913,1.0,9,0.1111111111111111,76.0,816.0,298.0,0.09302325581395349,PC,157.0
5421,5.0,5,1.0,923.0,183.0,69.0,5.016304347826087,PC,1871.0
640,8.0,2,4.0,560.0,751.0,265.0,0.7446808510638298,Mobile,1160.0
520,,5,1.0,,679.0,42.0,1.0955882352941178,PC,
90122,6.0,4,1.5,753.0,856.0,451.0,0.8786464410735122,Mobile,1536.0
13862,6.0,4,1.5,718.0,448.0,152.0,1.599109131403118,Mobile,1466.0
71895,4.0,6,0.6666666666666666,,,,0.7160367722165475,Mobile,
7492,,4,1.5,482.0,523.0,464.0,0.9198473282442748,Console,
443,6.0,4,1.5,,940.0,390.0,0.5026567481402763,Mobile,
382,5.0,5,1.0,560.0,533.0,249.0,1.048689138576779,Console,1145.0
404,3.0,7,0.42857142857142855,390.0,923.0,123.0,0.42207792207792205,Console,795.0
8790,6.0,4,1.5,29.0,302.0,544.0,0.09570957095709572,Mobile,88.0
078,9.0,1,9.0,471.0,490.0,254.0,0.9592668024439919,Console,987.0
502,9.0,1,9.0,913.0,547.0,378.0,1.666058394160584,Mobile,1871.0
865,,9,0.1111111111111111,827.0,861.0,285.0,0.9593967517401392,PC,
6237,3.0,7,0.42857142857142855,635.0,167.0,549.0,3.7797619047619047,Console,1285.0
24151,,8,0.25,670.0,274.0,302.0,2.4363636363636365,Mobile,
3787,2.0,8,0.25,393.0,606.0,137.0,0.6474464579901154,Mobile,796.0
31795,1.0,9,0.1111111111111111,,639.0,321.0,1.0015625,Mobile,
48263,8.0,2,4.0,552.0,601.0,213.0,0.9169435215946844,PC,1144.0
5019,5.0,5,1.0,357.0,969.0,238.0,0.3680412371134021,PC,739.0
606,7.0,3,2.3333333333333335,590.0,998.0,111.0,0.5905905905905906,Console,1215.0
316,2.0,8,0.25,882.0,362.0,119.0,2.4297520661157024,Console,1774.0
59983,2.0,8,0.25,442.0,489.0,106.0,0.9020408163265307,Mobile,894.0
58925,5.0,5,1.0,749.0,399.0,215.0,1.8725,PC,1523.0
5146,4.0,6,0.6666666666666666,608.0,783.0,114.0,0.7755102040816326,PC,1236.0
1127,2.0,8,0.25,278.0,677.0,285.0,0.41002949852507375,PC,566.0
3857,6.0,4,1.5,323.0,930.0,172.0,0.3469387755102041,Console,676.0
43928,1.0,9,0.1111111111111111,,572.0,385.0,1.006980802792321,Console,
735,6.0,4,1.5,558.0,533.0,456.0,1.0449438202247192,Console,1146.0
027,8.0,2,4.0,81.0,816.0,251.0,0.09914320685434516,Console,202.0
11121,6.0,4,1.5,258.0,376.0,138.0,0.6843501326259946,PC,546.0
62784,6.0,4,1.5,227.0,608.0,5.0,0.3727422003284072,Console,484.0
663,9.0,1,9.0,173.0,,,0.3134057971014493,Console,391.0
299,,1,9.0,906.0,909.0,295.0,0.9956043956043956,Console,
58063,3.0,7,0.42857142857142855,94.0,14.0,248.0,6.266666666666667,Mobile,203.0
3427,5.0,5,1.0,227.0,804.0,15.0,0.2819875776397516,Console,479.0
701,,7,0.42857142857142855,,81.0,397.0,4.914634146341464,Mobile,
2086,6.0,4,1.5,256.0,576.0,28.0,0.4436741767764298,Mobile,542.0
714,5.0,5,1.0,292.0,509.0,267.0,0.5725490196078431,Console,609.0
85238,3.0,7,0.42857142857142855,125.0,152.0,506.0,0.8169934640522876,PC,265.0
72856,7.0,3,2.3333333333333335,900.0,731.0,3.0,1.2295081967213115,Console,1835.0
83722,,9,0.1111111111111111,554.0,811.0,302.0,0.6822660098522167,Mobile,
9362,6.0,4,1.5,445.0,654.0,149.0,0.6793893129770993,Mobile,920.0
595,6.0,4,1.5,,520.0,194.0,0.09021113243761997,Mobile,
24909,9.0,1,9.0,799.0,949.0,306.0,0.8410526315789474,Mobile,1643.0
65855,4.0,6,0.6666666666666666,524.0,901.0,26.0,0.5809312638580931,PC,1068.0
950,,9,0.1111111111111111,640.0,610.0,260.0,1.0474631751227497,Mobile,
399,9.0,1,9.0,9.0,887.0,535.0,0.010135135135135136,PC,63.0
45327,2.0,8,0.25,72.0,637.0,482.0,0.11285266457680251,PC,154.0
51805,4.0,6,0.6666666666666666,920.0,771.0,295.0,1.1917098445595855,Console,1860.0
286,6.0,4,1.5,508.0,287.0,110.0,1.7638888888888888,Mobile,1046.0
1949,8.0,2,4.0,734.0,467.0,43.0,1.5683760683760684,Mobile,1508.0
5370,7.0,3,2.3333333333333335,998.0,658.0,206.0,1.5144157814871018,PC,2031.0
51346,3.0,7,0.42857142857142855,962.0,770.0,316.0,1.2477302204928664,Mobile,1939.0
916,4.0,6,0.6666666666666666,156.0,6.0,19.0,22.285714285714285,PC,332.0
740,7.0,3,2.3333333333333335,302.0,207.0,473.0,1.4519230769230769,PC,639.0
70756,9.0,1,9.0,258.0,576.0,349.0,0.44714038128249567,Console,561.0
3191,6.0,4,1.5,96.0,817.0,222.0,0.11735941320293398,Console,222.0
9986,5.0,5,1.0,644.0,133.0,178.0,4.8059701492537314,PC,1313.0
81001,6.0,4,1.5,445.0,982.0,352.0,0.4526958290946083,Mobile,920.0
932,5.0,5,1.0,980.0,330.0,477.0,2.960725075528701,Console,1985.0
57622,5.0,5,1.0,821.0,566.0,83.0,1.4479717813051147,Console,1667.0
38681,8.0,2,4.0,750.0,894.0,189.0,0.8379888268156425,PC,1540.0
7006,7.0,3,2.3333333333333335,262.0,685.0,162.0,0.3819241982507289,Console,559.0
4821,3.0,7,0.42857142857142855,626.0,462.0,398.0,1.3520518358531317,PC,1267.0
753,2.0,8,0.25,558.0,205.0,531.0,2.70873786407767,Console,1126.0
69786,5.0,5,1.0,84.0,544.0,518.0,0.15412844036697249,Console,193.0
11971,3.0,7,0.42857142857142855,516.0,64.0,156.0,7.938461538461539,Console,1047.0
33644,2.0,8,0.25,492.0,262.0,552.0,1.870722433460076,PC,994.0
321,4.0,6,0.6666666666666666,83.0,711.0,446.0,0.11657303370786516,PC,186.0
4146,2.0,8,0.25,176.0,528.0,400.0,0.332703213610586,PC,362.0
445,6.0,4,1.5,521.0,284.0,112.0,1.8280701754385964,Console,1072.0
3772,4.0,6,0.6666666666666666,523.0,483.0,349.0,1.0805785123966942,PC,1066.0
279,8.0,2,4.0,91.0,380.0,514.0,0.2388451443569554,Mobile,222.0
066,8.0,2,4.0,248.0,122.0,364.0,2.016260162601626,Console,536.0
05907,9.0,1,9.0,275.0,502.0,372.0,0.5467196819085487,Console,595.0
29345,3.0,7,0.42857142857142855,273.0,767.0,461.0,0.35546875,Console,561.0
411,7.0,3,2.3333333333333335,924.0,234.0,217.0,3.931914893617021,Mobile,1883.0
561,8.0,2,4.0,617.0,246.0,106.0,2.4979757085020244,PC,1274.0
9571,,7,0.42857142857142855,599.0,532.0,186.0,1.123827392120075,PC,
8360,9.0,1,9.0,446.0,957.0,417.0,0.46555323590814196,Mobile,937.0
9035,,3,2.3333333333333335,79.0,758.0,45.0,0.10408432147562582,Console,
880,7.0,3,2.3333333333333335,789.0,471.0,468.0,1.6716101694915255,Console,1613.0
66573,3.0,7,0.42857142857142855,574.0,308.0,164.0,1.8576051779935274,PC,1163.0
6644,4.0,6,0.6666666666666666,439.0,555.0,93.0,0.789568345323741,Console,898.0
808,5.0,5,1.0,910.0,634.0,493.0,1.4330708661417322,PC,1845.0
1726,5.0,5,1.0,211.0,348.0,123.0,0.6045845272206304,PC,447.0
18791,8.0,2,4.0,36.0,595.0,73.0,0.06040268456375839,Mobile,112.0
8552,9.0,1,9.0,324.0,494.0,162.0,0.6545454545454545,Mobile,693.0
347,4.0,6,0.6666666666666666,18.0,836.0,10.0,0.021505376344086023,Console,56.0
4844,8.0,2,4.0,313.0,117.0,337.0,2.652542372881356,PC,666.0
349,8.0,2,4.0,,691.0,101.0,1.4277456647398843,Mobile,
88388,8.0,2,4.0,429.0,754.0,244.0,0.5682119205298013,PC,898.0
00600,5.0,5,1.0,347.0,349.0,294.0,0.9914285714285714,Console,719.0
952,3.0,7,0.42857142857142855,313.0,427.0,418.0,0.7313084112149533,PC,641.0
9629,5.0,5,1.0,426.0,404.0,154.0,1.0518518518518518,Mobile,877.0
1739,6.0,4,1.5,222.0,,,0.3070539419087137,PC,474.0
00086,8.0,2,4.0,907.0,104.0,128.0,8.638095238095238,PC,1854.0
14080,3.0,7,0.42857142857142855,167.0,41.0,249.0,3.9761904761904763,Console,349.0
923,3.0,7,0.42857142857142855,143.0,198.0,284.0,0.7185929648241206,PC,301.0
77517,8.0,2,4.0,423.0,212.0,32.0,1.9859154929577465,PC,886.0
35582,9.0,1,9.0,,154.0,194.0,3.6774193548387095,Console,
8911,4.0,6,0.6666666666666666,849.0,719.0,375.0,1.1791666666666667,Console,1718.0
30221,1.0,9,0.1111111111111111,312.0,35.0,20.0,8.666666666666666,Mobile,629.0
8874,1.0,9,0.1111111111111111,397.0,665.0,326.0,0.5960960960960962,Console,799.0
345,9.0,1,9.0,449.0,,,0.675187969924812,PC,943.0
5736,9.0,1,9.0,954.0,361.0,182.0,2.6353591160220993,Mobile,1953.0
058,8.0,2,4.0,497.0,259.0,123.0,1.9115384615384616,PC,1034.0
815,7.0,3,2.3333333333333335,,953.0,23.0,1.0052410901467506,Console,
1636,,6,0.6666666666666666,494.0,82.0,442.0,5.951807228915663,Console,
5690,9.0,1,9.0,,350.0,430.0,2.680911680911681,PC,
612,4.0,6,0.6666666666666666,,740.0,157.0,0.6518218623481782,Mobile,
9090,2.0,8,0.25,458.0,851.0,106.0,0.5375586854460094,Mobile,926.0
6028,6.0,4,1.5,55.0,107.0,339.0,0.5092592592592593,Mobile,140.0
672,4.0,6,0.6666666666666666,253.0,119.0,378.0,2.1083333333333334,PC,526.0
198,5.0,5,1.0,128.0,576.0,312.0,0.2218370883882149,PC,281.0
0204,3.0,7,0.42857142857142855,998.0,974.0,402.0,1.0235897435897436,Console,2011.0
11860,5.0,5,1.0,264.0,898.0,160.0,0.2936596218020022,Console,553.0
479,2.0,8,0.25,653.0,530.0,251.0,1.2297551789077212,PC,1316.0
790,5.0,5,1.0,504.0,254.0,519.0,1.9764705882352942,Console,1033.0
239,8.0,2,4.0,627.0,877.0,510.0,0.714123006833713,Console,1294.0
62353,8.0,2,4.0,836.0,206.0,222.0,4.038647342995169,Mobile,1712.0
3781,,6,0.6666666666666666,49.0,191.0,18.0,0.2552083333333333,Mobile,
1350,2.0,8,0.25,899.0,591.0,504.0,1.5185810810810811,Mobile,1808.0
174,9.0,1,9.0,145.0,511.0,293.0,0.283203125,Mobile,335.0
76782,1.0,9,0.1111111111111111,114.0,745.0,148.0,0.15281501340482573,Mobile,233.0
1184,3.0,7,0.42857142857142855,743.0,71.0,146.0,10.319444444444445,Mobile,1501.0
34235,4.0,6,0.6666666666666666,678.0,260.0,213.0,2.5977011494252875,Console,1376.0
078,,2,4.0,344.0,911.0,290.0,0.37719298245614036,Mobile,
093,3.0,7,0.42857142857142855,,44.0,464.0,9.533333333333333,PC,
044,4.0,6,0.6666666666666666,281.0,,,0.6803874092009685,Console,582.0
466,,1,9.0,669.0,821.0,112.0,0.8138686131386861,Console,
682,3.0,7,0.42857142857142855,654.0,400.0,132.0,1.6309226932668328,Console,1323.0
7795,1.0,9,0.1111111111111111,674.0,672.0,435.0,1.0014858841010401,Mobile,1353.0
588,3.0,7,0.42857142857142855,444.0,,,1.196765498652291,PC,903.0
50933,9.0,1,9.0,509.0,748.0,238.0,0.6795727636849133,PC,1063.0
390,1.0,9,0.1111111111111111,592.0,827.0,286.0,0.714975845410628,PC,1189.0
021,9.0,1,9.0,36.0,44.0,186.0,0.8,Mobile,117.0
8619,7.0,3,2.3333333333333335,431.0,951.0,3.0,0.4527310924369748,Mobile,897.0
72115,4.0,6,0.6666666666666666,817.0,369.0,141.0,2.208108108108108,Mobile,1654.0
22057,,6,0.6666666666666666,,832.0,7.0,0.6782713085234093,Console,
069,9.0,1,9.0,523.0,199.0,32.0,2.615,Mobile,1091.0
5978,1.0,9,0.1111111111111111,735.0,370.0,458.0,1.9811320754716981,Console,1475.0
840,5.0,5,1.0,740.0,466.0,234.0,1.5845824411134903,Mobile,1505.0
591,4.0,6,0.6666666666666666,,415.0,37.0,1.7331730769230769,Console,
77306,8.0,2,4.0,351.0,681.0,160.0,0.5146627565982405,PC,742.0
056,2.0,8,0.25,194.0,986.0,116.0,0.19655521783181357,Mobile,398.0
459,3.0,7,0.42857142857142855,175.0,276.0,346.0,0.631768953068592,Mobile,365.0
5121,9.0,1,9.0,598.0,825.0,71.0,0.7239709443099274,Console,1241.0
10587,2.0,8,0.25,726.0,776.0,166.0,0.9343629343629344,Console,1462.0
9308,7.0,3,2.3333333333333335,857.0,948.0,517.0,0.9030558482613277,Console,1749.0
81820,9.0,1,9.0,543.0,154.0,77.0,3.503225806451613,PC,1131.0
49797,6.0,4,1.5,,202.0,316.0,0.3103448275862069,Console,
110,9.0,1,9.0,,765.0,384.0,0.3472584856396867,PC,
373,7.0,3,2.3333333333333335,363.0,116.0,327.0,3.1025641025641026,PC,761.0
50181,5.0,5,1.0,802.0,213.0,95.0,3.7476635514018692,Console,1629.0
38628,,5,1.0,178.0,312.0,50.0,0.5686900958466453,PC,
9524,1.0,9,0.1111111111111111,403.0,669.0,217.0,0.6014925373134329,Console,811.0
3966,9.0,1,9.0,588.0,130.0,447.0,4.488549618320611,Mobile,1221.0
653,2.0,8,0.25,179.0,461.0,366.0,0.3874458874458874,Console,368.0
32802,8.0,2,4.0,937.0,525.0,283.0,1.7813688212927756,Console,1914.0
9041,4.0,6,0.6666666666666666,744.0,81.0,94.0,9.073170731707316,PC,1508.0
9720,3.0,7,0.42857142857142855,9.0,422.0,44.0,0.02127659574468085,PC,33.0
814,7.0,3,2.3333333333333335,410.0,740.0,55.0,0.553306342780027,Console,855.0
1065,6.0,4,1.5,755.0,474.0,354.0,1.5894736842105264,Mobile,1540.0
5171,2.0,8,0.25,935.0,941.0,283.0,0.9925690021231423,Console,1880.0
759,5.0,5,1.0,315.0,863.0,169.0,0.3645833333333333,Mobile,655.0
663,5.0,5,1.0,582.0,77.0,539.0,7.461538461538462,Mobile,1189.0
118,3.0,7,0.42857142857142855,596.0,279.0,475.0,2.1285714285714286,Console,1207.0
2149,3.0,7,0.42857142857142855,178.0,,,0.4352078239608802,Console,371.0
60472,4.0,6,0.6666666666666666,422.0,682.0,258.0,0.6178623718887262,Console,864.0
55836,9.0,1,9.0,308.0,750.0,232.0,0.41011984021304926,PC,661.0
8556,9.0,1,9.0,204.0,572.0,267.0,0.35602094240837695,Console,453.0
5308,9.0,1,9.0,888.0,249.0,505.0,3.552,PC,1821.0
958,1.0,9,0.1111111111111111,768.0,566.0,221.0,1.3544973544973544,Mobile,1541.0
805,8.0,2,4.0,97.0,444.0,289.0,0.21797752808988763,Console,234.0
4645,9.0,1,9.0,675.0,993.0,405.0,0.6790744466800804,PC,1395.0
857,5.0,5,1.0,851.0,891.0,44.0,0.9540358744394619,Mobile,1727.0
6617,9.0,1,9.0,94.0,785.0,464.0,0.11959287531806616,Console,233.0
168,2.0,8,0.25,,807.0,423.0,1.0717821782178218,Console,
47813,6.0,4,1.5,,991.0,252.0,0.09475806451612903,Console,
50586,3.0,7,0.42857142857142855,748.0,,,3.309734513274336,PC,1511.0
66271,5.0,5,1.0,4.0,137.0,543.0,0.028985507246376812,Mobile,33.0
7695,9.0,1,9.0,132.0,81.0,259.0,1.6097560975609757,PC,309.0
44113,4.0,6,0.6666666666666666,,896.0,456.0,0.358974358974359,PC,
999,6.0,4,1.5,814.0,222.0,82.0,3.6502242152466366,PC,1658.0
67738,8.0,2,4.0,574.0,617.0,118.0,0.9288025889967637,PC,1188.0
247,,8,0.25,411.0,939.0,346.0,0.4372340425531915,PC,
892,4.0,6,0.6666666666666666,55.0,737.0,385.0,0.07452574525745258,PC,130.0
877,6.0,4,1.5,374.0,596.0,44.0,0.626465661641541,Mobile,778.0
56882,5.0,5,1.0,657.0,287.0,23.0,2.28125,PC,1339.0
4466,4.0,6,0.6666666666666666,10.0,954.0,545.0,0.010471204188481676,Mobile,40.0
730,8.0,2,4.0,136.0,,,0.45182724252491696,Mobile,312.0
484,2.0,8,0.25,243.0,,,0.3393854748603352,Mobile,496.0
7686,1.0,9,0.1111111111111111,,400.0,427.0,1.2244389027431422,PC,
6326,8.0,2,4.0,2.0,656.0,278.0,0.0030441400304414,Console,44.0
304,6.0,4,1.5,56.0,365.0,240.0,0.15300546448087432,Console,142.0
390,5.0,5,1.0,421.0,623.0,414.0,0.6746794871794872,PC,867.0
6761,8.0,2,4.0,105.0,,,0.17412935323383086,PC,250.0
050,7.0,3,2.3333333333333335,181.0,101.0,190.0,1.7745098039215685,Mobile,397.0
73634,6.0,4,1.5,522.0,738.0,256.0,0.706359945872801,PC,1074.0
974,8.0,2,4.0,365.0,683.0,258.0,0.533625730994152,PC,770.0
4030,2.0,8,0.25,416.0,356.0,237.0,1.165266106442577,Console,842.0
082,8.0,2,4.0,984.0,7.0,37.0,123.0,Mobile,2008.0
2218,9.0,1,9.0,447.0,515.0,176.0,0.8662790697674418,Mobile,939.0
76798,2.0,8,0.25,76.0,415.0,467.0,0.18269230769230768,Console,162.0
494,7.0,3,2.3333333333333335,276.0,729.0,340.0,0.3780821917808219,Mobile,587.0
534,2.0,8,0.25,155.0,364.0,91.0,0.4246575342465753,Console,320.0
682,4.0,6,0.6666666666666666,677.0,257.0,214.0,2.624031007751938,Mobile,1374.0
622,7.0,3,2.3333333333333335,434.0,531.0,227.0,0.8157894736842105,Mobile,903.0
1913,5.0,5,1.0,22.0,508.0,300.0,0.043222003929273084,PC,69.0
5633,6.0,4,1.5,,56.0,136.0,13.175438596491228,Mobile,
6976,6.0,4,1.5,86.0,510.0,56.0,0.16829745596868884,PC,202.0
3130,2.0,8,0.25,285.0,528.0,191.0,0.5387523629489603,Mobile,580.0
5104,7.0,3,2.3333333333333335,549.0,79.0,99.0,6.8625,PC,1133.0
620,3.0,7,0.42857142857142855,572.0,996.0,188.0,0.5737211634904714,PC,1159.0
7984,,7,0.42857142857142855,270.0,906.0,465.0,0.29768467475192945,Mobile,
94751,4.0,6,0.6666666666666666,824.0,549.0,507.0,1.4981818181818183,Mobile,1668.0
0157,1.0,9,0.1111111111111111,68.0,,,0.5354330708661418,PC,141.0
6628,8.0,2,4.0,96.0,813.0,513.0,0.11793611793611794,Mobile,232.0
5738,4.0,6,0.6666666666666666,371.0,746.0,98.0,0.4966532797858099,PC,762.0
051,5.0,5,1.0,143.0,497.0,18.0,0.28714859437751006,Mobile,311.0
13985,7.0,3,2.3333333333333335,,336.0,373.0,2.750741839762611,Console,
88583,4.0,6,0.6666666666666666,741.0,209.0,470.0,3.5285714285714285,Console,1502.0
729,8.0,2,4.0,255.0,584.0,232.0,0.4358974358974359,Mobile,550.0
130,5.0,5,1.0,271.0,869.0,417.0,0.3114942528735632,Mobile,567.0
0134,1.0,9,0.1111111111111111,541.0,771.0,431.0,0.7007772020725389,PC,1087.0
899,5.0,5,1.0,283.0,721.0,456.0,0.39196675900277006,Mobile,591.0
5480,6.0,4,1.5,196.0,0.0,156.0,196.0,Console,422.0
1667,7.0,3,2.3333333333333335,433.0,9.0,302.0,43.3,PC,901.0
651,5.0,5,1.0,566.0,147.0,462.0,3.824324324324324,Mobile,1157.0
7685,9.0,1,9.0,851.0,356.0,72.0,2.38375350140056,Console,1747.0
1177,9.0,1,9.0,824.0,355.0,527.0,2.3146067415730336,Console,1693.0
971,2.0,8,0.25,79.0,565.0,533.0,0.13957597173144876,PC,168.0
53316,2.0,8,0.25,285.0,430.0,370.0,0.6612529002320185,PC,580.0
7925,7.0,3,2.3333333333333335,,381.0,339.0,0.7068062827225131,Console,
0465,4.0,6,0.6666666666666666,636.0,179.0,177.0,3.533333333333333,PC,1292.0
0213,5.0,5,1.0,534.0,36.0,551.0,14.432432432432432,Console,1093.0
949,1.0,9,0.1111111111111111,771.0,3.0,15.0,192.75,PC,1547.0
749,2.0,8,0.25,68.0,269.0,421.0,0.2518518518518518,Console,146.0
714,8.0,2,4.0,882.0,820.0,141.0,1.074299634591961,PC,1804.0
75318,2.0,8,0.25,143.0,,,0.26629422718808193,Console,296.0
451,8.0,2,4.0,723.0,869.0,64.0,0.8310344827586207,Mobile,1486.0
80573,6.0,4,1.5,713.0,940.0,454.0,0.7577045696068013,Console,1456.0
6980,8.0,2,4.0,109.0,464.0,468.0,0.23440860215053763,Mobile,258.0
608,,8,0.25,970.0,939.0,217.0,1.0319148936170213,PC,
47558,9.0,1,9.0,842.0,653.0,23.0,1.2874617737003058,Console,1729.0
31675,,6,0.6666666666666666,408.0,123.0,4.0,3.2903225806451615,Mobile,
866,1.0,9,0.1111111111111111,339.0,198.0,396.0,1.7035175879396984,PC,683.0
52479,9.0,1,9.0,342.0,607.0,343.0,0.5625,Console,729.0
8712,9.0,1,9.0,273.0,184.0,86.0,1.4756756756756757,Console,591.0
422,2.0,8,0.25,449.0,206.0,31.0,2.1690821256038646,Console,908.0
9630,,4,1.5,,560.0,1.0,1.7165775401069518,PC,
43540,2.0,8,0.25,858.0,192.0,68.0,4.44559585492228,PC,1726.0
31764,6.0,4,1.5,835.0,843.0,247.0,0.9893364928909952,Console,1700.0
80104,5.0,5,1.0,233.0,177.0,305.0,1.3089887640449438,Console,491.0
33601,,3,2.3333333333333335,79.0,433.0,328.0,0.18202764976958524,Console,
5695,,6,0.6666666666666666,223.0,892.0,214.0,0.24972004479283313,PC,
25956,3.0,7,0.42857142857142855,843.0,699.0,498.0,1.2042857142857142,Mobile,1701.0
0902,5.0,5,1.0,,872.0,196.0,0.012600229095074456,PC,
7161,2.0,8,0.25,146.0,127.0,184.0,1.140625,Mobile,302.0
873,9.0,1,9.0,192.0,629.0,78.0,0.3047619047619048,Mobile,429.0
8139,7.0,3,2.3333333333333335,,278.0,430.0,1.5842293906810037,Mobile,
503,1.0,9,0.1111111111111111,711.0,899.0,397.0,0.79,Mobile,1427.0
96243,,1,9.0,747.0,700.0,147.0,1.065620542082739,Mobile,
885,5.0,5,1.0,978.0,42.0,284.0,22.74418604651163,Mobile,1981.0
3235,8.0,2,4.0,907.0,475.0,59.0,1.9054621848739495,PC,1854.0
24570,1.0,9,0.1111111111111111,440.0,27.0,550.0,15.714285714285714,PC,885.0
15224,3.0,7,0.42857142857142855,762.0,208.0,178.0,3.645933014354067,Console,1539.0
884,1.0,9,0.1111111111111111,922.0,339.0,171.0,2.711764705882353,PC,1849.0
6303,8.0,2,4.0,199.0,647.0,223.0,0.30709876543209874,Mobile,438.0
13281,,6,0.6666666666666666,701.0,,,7.965909090909091,PC,
1537,3.0,7,0.42857142857142855,169.0,354.0,412.0,0.476056338028169,Console,353.0
96065,2.0,8,0.25,200.0,17.0,394.0,11.11111111111111,Mobile,410.0
078,1.0,9,0.1111111111111111,,768.0,247.0,1.0559167750325098,Mobile,
80986,2.0,8,0.25,240.0,524.0,475.0,0.45714285714285713,PC,490.0
59003,3.0,7,0.42857142857142855,647.0,601.0,169.0,1.0747508305647842,Console,1309.0
165,6.0,4,1.5,835.0,104.0,203.0,7.9523809523809526,Console,1700.0
08311,1.0,9,0.1111111111111111,960.0,947.0,317.0,1.0126582278481013,PC,1925.0
625,9.0,1,9.0,242.0,351.0,363.0,0.6875,PC,529.0
40814,5.0,5,1.0,524.0,944.0,369.0,0.5544973544973545,PC,1073.0
5955,1.0,9,0.1111111111111111,428.0,757.0,392.0,0.5646437994722955,PC,861.0
063,7.0,3,2.3333333333333335,800.0,127.0,192.0,6.25,Console,1635.0
861,2.0,8,0.25,625.0,630.0,481.0,0.9904912836767037,Console,1260.0
8776,7.0,3,2.3333333333333335,271.0,302.0,1.0,0.8943894389438944,Console,577.0
50368,6.0,4,1.5,375.0,313.0,54.0,1.194267515923567,PC,780.0
81380,7.0,3,2.3333333333333335,404.0,64.0,416.0,6.2153846153846155,Mobile,843.0
72757,7.0,3,2.3333333333333335,191.0,591.0,352.0,0.32263513513513514,Console,417.0
4912,2.0,8,0.25,238.0,762.0,535.0,0.3119266055045872,PC,486.0
465,7.0,3,2.3333333333333335,456.0,213.0,331.0,2.130841121495327,Console,947.0
796,2.0,8,0.25,551.0,542.0,135.0,1.014732965009208,PC,1112.0
970,2.0,8,0.25,202.0,591.0,348.0,0.34121621621621623,Mobile,414.0
8953,4.0,6,0.6666666666666666,163.0,188.0,130.0,0.8624338624338624,Console,346.0
6972,1.0,9,0.1111111111111111,357.0,686.0,49.0,0.519650655021834,Console,719.0
789,3.0,7,0.42857142857142855,817.0,811.0,83.0,1.0061576354679802,Console,1649.0
559,5.0,5,1.0,973.0,628.0,342.0,1.5468998410174881,Mobile,1971.0
66256,4.0,6,0.6666666666666666,828.0,897.0,297.0,0.9220489977728286,Mobile,1676.0
99858,8.0,2,4.0,253.0,622.0,72.0,0.406099518459069,Console,546.0
82870,,4,1.5,969.0,610.0,448.0,1.585924713584288,Mobile,
61877,6.0,4,1.5,669.0,4.0,503.0,133.8,Mobile,1368.0
850,3.0,7,0.42857142857142855,85.0,,,0.8252427184466019,Console,185.0
26960,,8,0.25,527.0,795.0,452.0,0.6620603015075377,Console,
1482,6.0,4,1.5,928.0,294.0,125.0,3.145762711864407,Console,1886.0
97697,3.0,7,0.42857142857142855,985.0,125.0,263.0,7.817460317460317,Console,1985.0
05766,9.0,1,9.0,50.0,69.0,186.0,0.7142857142857143,Console,145.0
99745,,9,0.1111111111111111,943.0,59.0,149.0,15.716666666666667,Console,
78192,6.0,4,1.5,218.0,455.0,359.0,0.4780701754385965,Console,466.0
5858,6.0,4,1.5,353.0,393.0,481.0,0.8959390862944162,Console,736.0
25620,3.0,7,0.42857142857142855,,741.0,234.0,0.1347708894878706,Console,
236,8.0,2,4.0,617.0,622.0,224.0,0.9903691813804173,Mobile,1274.0
9459,4.0,6,0.6666666666666666,592.0,407.0,186.0,1.4509803921568627,PC,1204.0
397,3.0,7,0.42857142857142855,280.0,98.0,528.0,2.8282828282828283,Console,575.0
3872,2.0,8,0.25,747.0,744.0,399.0,1.0026845637583892,Mobile,1504.0
2818,,5,1.0,875.0,753.0,388.0,1.160477453580902,Mobile,
9097,4.0,6,0.6666666666666666,366.0,703.0,285.0,0.5198863636363636,PC,752.0
6048,9.0,1,9.0,476.0,67.0,501.0,7.0,Mobile,997.0
7119,5.0,5,1.0,854.0,866.0,505.0,0.9850057670126874,Console,1733.0
957,4.0,6,0.6666666666666666,311.0,617.0,395.0,0.5032362459546925,Mobile,642.0
8813,9.0,1,9.0,594.0,684.0,449.0,0.8671532846715329,Console,1233.0
7655,8.0,2,4.0,924.0,364.0,17.0,2.5315068493150683,Console,1888.0
68662,5.0,5,1.0,188.0,653.0,193.0,0.2874617737003058,Mobile,401.0
487,6.0,4,1.5,,400.0,318.0,0.9625935162094763,Mobile,
5177,9.0,1,9.0,32.0,383.0,188.0,0.08333333333333333,PC,109.0
758,8.0,2,4.0,538.0,65.0,14.0,8.151515151515152,PC,1116.0
07639,1.0,9,0.1111111111111111,409.0,610.0,114.0,0.6693944353518821,PC,823.0
087,,8,0.25,46.0,481.0,159.0,0.0954356846473029,PC,
19094,1.0,9,0.1111111111111111,379.0,250.0,156.0,1.5099601593625498,PC,763.0
826,7.0,3,2.3333333333333335,,394.0,245.0,1.4886075949367088,PC,
